<?xml version="1.0" encoding="UTF-8"?>
<!DOCTYPE configuration>

<configuration scan="true">
    <include resource="org/springframework/boot/logging/logback/defaults.xml"/>
    <property name="CONSOLE_LOG_PATTERN" value="${CONSOLE_LOG_PATTERN:-%clr(%d{${LOG_DATEFORMAT_PATTERN:-yyyy-MM-dd'T'HH:mm:ss.SSSXXX}}){faint} %clr(${LOG_LEVEL_PATTERN:-%5p}) %clr(${PID:- }){magenta} %clr(---){faint} %clr([%15.15t]){faint} %clr(%-40.40logger{39}){cyan} %clr(:){faint} %m%n${LOG_EXCEPTION_CONVERSION_WORD:-%replace(%wEx){'[\r\n]+', ''}%nopex}}"/>

    <appender name="console" class="ch.qos.logback.core.ConsoleAppender">
        <encoder class="ch.qos.logback.core.encoder.LayoutWrappingEncoder">
            <layout class="com.vss.jobmanager.job.utils.MaskingPatternLayout">
                <maskPattern>\"PASSWORD\"\s*:\s*\"(.*?)\"</maskPattern>
                <maskPattern>\"password\"\s*:\s*\"(.*?)\"</maskPattern>
                <maskPattern>PASSWORD=(.*?)=</maskPattern>
                <maskPattern>\"PIN\"\s*:\s*\"(.*?)\"</maskPattern>
                <maskPattern>\"pin\"\s*:\s*\"(.*?)\"</maskPattern>
                <maskPattern>\"newmpin\"\s*:\s*\"(.*?)\"</maskPattern>
                <maskPattern>\"CONFIRMMPIN\"\s*:\s*\"(.*?)\"</maskPattern>
                <maskPattern>\"confirmmpin\"\s*:\s*\"(.*?)\"</maskPattern>
                <maskPattern>\"52\"\s*:\s*\"(.*?)\"</maskPattern>
                <maskPattern>\"119\"\s*:\s*\"(.*?)\"</maskPattern>
                <maskPattern>\"MPIN\"\s*:\s*\"(.*?)\"</maskPattern>
                <maskPattern>\"mpin\"\s*:\s*\"(.*?)\"</maskPattern>
                <maskPattern>\"NEWMPIN\"\s*:\s*\"(.*?)\"</maskPattern>
                <maskPattern>\"newmpin\"\s*:\s*\"(.*?)\"</maskPattern>
                <maskPattern>\"CONFIRMMPIN\"\s*:\s*\"(.*?)\"</maskPattern>
                <maskPattern>\"confirmmpin\"\s*:\s*\"(.*?)\"</maskPattern>
                <maskPattern>\"OTP\"\s*:\s*\"(.*?)\"</maskPattern>
                <maskPattern>\"otp\"\s*:\s*\"(.*?)\"</maskPattern>
                <maskPattern>\"53\"\s*:\s*\"(.*?)\"</maskPattern>
                <maskPattern>\"secretSecure\"\s*:\s*\"(.*?)\"</maskPattern>
                <maskPattern>\"SECRETSECURE\"\s*:\s*\"(.*?)\"</maskPattern>
                <pattern>${CONSOLE_LOG_PATTERN}</pattern>
            </layout>
        </encoder>
    </appender>
    <root>
        <appender-ref ref="console"/>
    </root>

    <logger name="javax.activation" level="WARN"/>
    <logger name="javax.mail" level="WARN"/>
    <logger name="javax.management.remote" level="WARN"/>
    <logger name="javax.xml.bind" level="WARN"/>
    <logger name="ch.qos.logback" level="WARN"/>
    <logger name="org.redisson" level="WARN" />
    <logger name="com.netflix" level="WARN"/>
    <logger name="com.netflix.config.sources.URLConfigurationSource" level="ERROR"/>
    <logger name="com.netflix.discovery" level="INFO"/>
    <logger name="com.ryantenney" level="WARN"/>
    <logger name="com.sun" level="WARN"/>
    <logger name="com.zaxxer" level="WARN"/>
    <logger name="io.netty" level="WARN"/>
    <logger name="io.undertow" level="WARN"/>
    <logger name="io.undertow.websockets.jsr" level="ERROR"/>
    <logger name="org.apache" level="WARN"/>
    <logger name="org.apache.catalina.startup.DigesterFactory" level="OFF"/>
    <logger name="org.bson" level="WARN"/>
    <logger name="org.hibernate.validator" level="WARN"/>
    <logger name="org.hibernate" level="WARN"/>
    <logger name="org.hibernate.ejb.HibernatePersistence" level="OFF"/>
    <logger name="org.springframework" level="WARN"/>
    <logger name="org.springframework.web" level="WARN"/>
    <logger name="org.springframework.security" level="WARN"/>
    <logger name="org.springframework.cache" level="WARN"/>
    <logger name="org.thymeleaf" level="WARN"/>
    <logger name="org.xnio" level="WARN"/>
    <logger name="springfox" level="WARN"/>
    <logger name="sun.rmi" level="WARN"/>
    <logger name="liquibase" level="WARN"/>
    <logger name="LiquibaseSchemaResolver" level="INFO"/>
    <logger name="springfox.documentation.schema.property" level="ERROR"/>
    <logger name="sun.net.www" level="INFO"/>
    <logger name="sun.rmi.transport" level="WARN"/>
    <!-- See https://github.com/jhipster/generator-jhipster/issues/13835 -->
    <logger name="Validator" level="INFO"/>
    <!-- See https://github.com/jhipster/generator-jhipster/issues/14444 -->
    <logger name="_org.springframework.web.servlet.HandlerMapping.Mappings" level="INFO"/>
    <logger name="org.quartz" level="INFO"/>

    <!-- jhipster-needle-logback-add-log - JHipster will add a new log with level -->
    <!-- https://logback.qos.ch/manual/configuration.html#shutdownHook and https://jira.qos.ch/browse/LOGBACK-1090 -->
    <shutdownHook class="ch.qos.logback.core.hook.DelayingShutdownHook"/>

    <contextListener class="ch.qos.logback.classic.jul.LevelChangePropagator">
        <resetJUL>true</resetJUL>
    </contextListener>

</configuration>
